<?xml version="1.0" encoding="UTF-8"?>
<ITTRecord>
    <Student>
        <F_ITTKEY>0101904000002</F_ITTKEY>
        <F_UKPRN>10007713</F_UKPRN>
        <F_RECID>16053</F_RECID>
        <F_STATUS>UPDATED</F_STATUS>
        <F_STATUS_TIMESTAMP>17/10/2016 14:27:04</F_STATUS_TIMESTAMP>
        <F_HUSID>0310261553101</F_HUSID>
        <F_OWNSTU>99157234/2/01</F_OWNSTU>
        <F_ALLPLACE>2</F_ALLPLACE>
        <F_BIRTHDTE>1978-08-13</F_BIRTHDTE>
        <F_BURSLEV>6</F_BURSLEV>
        <F_COMDATE>2022-09-27</F_COMDATE>
        <F_COURSEID>E700</F_COURSEID>
        <F_CRMODE>1</F_CRMODE>
        <F_CTITLE>FE Course 1</F_CTITLE>
        <F_DISABLE1>95</F_DISABLE1>
        <F_DISABLE2>NULL</F_DISABLE2>
        <F_DISABLE3>NULL</F_DISABLE3>
        <F_DISABLE4>NULL</F_DISABLE4>
        <F_DISABLE5>NULL</F_DISABLE5>
        <F_DISABLE6>NULL</F_DISABLE6>
        <F_DISABLE7>NULL</F_DISABLE7>
        <F_DISABLE8>NULL</F_DISABLE8>
        <F_DISABLE9>NULL</F_DISABLE9>
        <F_DISALL>NULL</F_DISALL>
        <F_DOMICILE>XF</F_DOMICILE>
        <F_EXPECTEDENDDATE>2023-10-01</F_EXPECTEDENDDATE>
        <F_ENDDATE>NULL</F_ENDDATE>
        <F_ENTRYRTE>02</F_ENTRYRTE>
        <F_ETHNIC>899</F_ETHNIC>
        <F_FNAMES>Dave</F_FNAMES>
        <F_FUNDCODE>7</F_FUNDCODE>
        <F_INITIATIVES1>009</F_INITIATIVES1>
        <F_INITIATIVES2>NULL</F_INITIATIVES2>
        <F_ITTAIM>202</F_ITTAIM>
        <F_ITTCOMDATE>NULL</F_ITTCOMDATE>
        <F_ITTPHSC>13909</F_ITTPHSC>
        <F_MODE>01</F_MODE>
        <F_NATION>NZ</F_NATION>
        <F_NATIOND1>O</F_NATIOND1>
        <F_NATIOND2>NULL</F_NATIOND2>
        <F_NIN>NULL</F_NIN>
        <F_NQTEMAIL>student.name@email.com</F_NQTEMAIL>
        <F_NUMHUS>02</F_NUMHUS>
        <F_PGAPPSTDT>NULL</F_PGAPPSTDT>
        <F_PSURNAME>Geoorge</F_PSURNAME>
        <F_QLAIM>032</F_QLAIM>
        <F_RSNEND>NULL</F_RSNEND>
        <F_SDEMPLOY>115795</F_SDEMPLOY>
        <F_SDLEAD>115795</F_SDLEAD>
        <F_SERLEAVE>01</F_SERLEAVE>
        <F_SEXID>11</F_SEXID>
        <F_SNAME16>NULL</F_SNAME16>
        <F_SURNAME>George</F_SURNAME>
        <F_TITLE>NULL</F_TITLE>
        <F_TRN>NULL</F_TRN>
        <F_TTCID>1</F_TTCID>
        <F_ULN>NULL</F_ULN>
        <F_YEARPRG>0</F_YEARPRG>
        <F_YEARSTU>1</F_YEARSTU>
        <PLACEMENTS>
            <PLACEMENT>
                <F_PLMNTSCH>900000</F_PLMNTSCH>
                <F_PLMNTDYS>160</F_PLMNTDYS>
            </PLACEMENT>
        </PLACEMENTS>
        <F_SBJCA1>100346</F_SBJCA1>
        <F_SBJCA2>NULL</F_SBJCA2>
        <F_SBJCA3>NULL</F_SBJCA3>
        <PREVIOUSQUALIFICATIONS>
            <PREVIOUSQUALIFICATION>
                <F_BURSFLAG>01</F_BURSFLAG>
                <F_DEGCLSS>01</F_DEGCLSS>
                <F_DEGCTRY>XF</F_DEGCTRY>
                <F_DEGENDDT>2005-07-01</F_DEGENDDT>
                <F_DEGEST>0001</F_DEGEST>
                <F_DEGLENGTH>4</F_DEGLENGTH>
                <F_DEGSBJ1>100251</F_DEGSBJ1>
                <F_DEGSBJ2>100038</F_DEGSBJ2>
                <F_DEGSBJ3>NULL</F_DEGSBJ3>
                <F_DEGSTDT>2004-09-01</F_DEGSTDT>
                <F_DEGTYPE>205</F_DEGTYPE>
                <F_FIRSTDEG>01</F_FIRSTDEG>
            </PREVIOUSQUALIFICATION>
        </PREVIOUSQUALIFICATIONS>
        <F_COMMIT_TIMESTAMP>2022-10-17 02:34:39</F_COMMIT_TIMESTAMP>
    </Student>
</ITTRecord>